age,gender,salary,status,spending
42,Female,40098,Single,857.91
37,Female,90516,Single,795.58
64,Male,27458,Single,615.72
28,Male,106935,Married,1014.83
55,Female,20338,Single,524.96
48,Female,57209,Married,813.22
23,Female,89576,Single,729.71
33,Male,105347,Single,1048.64
44,Male,36630,Married,664.33
65,Female,44005,Single,906.95
25,Female,23007,Married,577.56
47,Female,110617,Married,1333.35
39,Male,64826,Married,749.37
63,Male,44728,Single,647.01
30,Female,82700,Married,895.46
58,Male,62939,Married,854.02
34,Male,51559,Married,503.89
26,Female,88463,Single,745.43
46,Male,52461,Single,755.25
19,Female,119023,Married,1091.7
44,Male,98847,Single,690.53
18,Male,65740,Single,582.17
25,Male,47855,Single,653.09
50,Female,51565,Single,735.62
62,Female,85993,Single,962.06
52,Female,55025,Single,739.01
58,Female,61275,Single,939.37
70,Female,86987,Married,954.34
60,Female,42258,Single,592.53
49,Female,64255,Single,808.58
20,Male,108189,Married,886.74
21,Male,31910,Single,439.19
33,Male,63917,Married,653.88
51,Male,70255,Married,862.11
49,Male,81141,Single,875.26
35,Female,51138,Single,337.96
55,Female,42256,Married,730.91
48,Male,26044,Single,564.66
57,Female,66738,Single,737.22
26,Female,65989,Single,801.09
62,Male,22874,Married,569.2
69,Female,37614,Married,774.22
39,Male,113399,Single,1168.91
21,Female,65225,Married,711.83
50,Female,40526,Married,634.45
55,Male,19095,Married,575.76
64,Male,29365,Married,709.35
57,Female,47835,Married,848.99
26,Female,19843,Married,781.43
55,Male,81496,Married,838.98
39,Female,71913,Single,698.42
66,Male,83752,Single,854.07
69,Male,66530,Married,796.4
58,Female,24983,Married,603.15
68,Male,87992,Married,820.08
31,Male,86354,Married,791.46
35,Male,19318,Married,540.73
24,Female,95345,Married,785.1
18,Male,23419,Single,507.21
68,Male,47013,Married,740.23
63,Male,76192,Married,1085.45
60,Male,45047,Single,595.0
30,Male,70831,Single,914.49
59,Male,19584,Married,286.95
30,Male,98425,Married,745.17
21,Male,114342,Married,1080.98
33,Male,63787,Single,766.54
56,Female,63108,Single,987.72
57,Male,78105,Single,804.38
30,Male,31405,Single,764.78
37,Male,77071,Single,679.73
31,Male,97747,Single,1070.14
67,Female,87778,Married,1038.0
33,Male,70352,Married,568.36
29,Male,22452,Married,539.63
63,Female,96104,Married,1079.64
21,Male,52042,Married,455.49
55,Male,20542,Single,558.86
67,Male,45996,Married,568.99
53,Male,63156,Married,935.21
60,Male,93469,Single,766.62
31,Female,58600,Single,630.55
51,Female,90316,Single,672.1
55,Female,81208,Single,906.69
24,Male,23221,Married,709.59
39,Male,96951,Married,802.7
28,Female,58196,Married,636.63
22,Male,46954,Married,766.23
31,Male,100804,Single,777.39
35,Male,20941,Single,550.12
63,Male,84100,Married,790.26
38,Female,47018,Single,781.97
18,Male,71791,Married,719.39
63,Female,48110,Single,753.14
69,Female,86987,Married,1027.77
59,Female,62179,Single,868.85
28,Female,32410,Married,682.01
69,Male,60479,Married,721.41
31,Male,98547,Single,1007.0
64,Female,87033,Married,1049.24
58,Male,103366,Married,891.77
64,Male,95700,Single,1043.35
21,Male,71386,Married,484.72
48,Male,64852,Single,650.47
31,Female,32572,Single,606.64
50,Female,89692,Single,817.46
20,Male,49596,Married,626.44
33,Female,112621,Single,863.04
19,Female,36145,Single,430.21
43,Female,50598,Married,583.54
63,Male,42802,Married,917.18
60,Female,113204,Single,1064.2
30,Male,43555,Married,856.68
54,Female,25484,Single,631.32
65,Male,95298,Married,943.17
56,Female,56556,Married,614.4
28,Female,93529,Single,709.84
23,Female,39396,Single,558.72
49,Male,20341,Married,435.87
56,Male,66565,Married,755.89
30,Female,57931,Single,745.82
54,Female,99221,Married,948.5
45,Male,73811,Single,701.08
60,Female,99580,Single,995.39
69,Female,49717,Married,852.84
20,Female,82245,Married,677.12
58,Female,54670,Single,478.14
63,Male,118636,Married,1064.67
59,Male,106388,Married,904.6
62,Male,52062,Single,680.19
36,Male,94184,Married,751.36
33,Female,29539,Single,619.56
50,Male,99447,Single,874.19
31,Female,48515,Married,712.26
63,Male,36444,Single,721.19
25,Female,15090,Single,676.92
41,Male,114911,Married,1136.17
45,Male,63858,Single,743.33
20,Female,34469,Married,541.89
26,Male,70268,Single,535.78
60,Female,107455,Single,1066.89
50,Female,29306,Single,598.16
68,Male,53411,Married,690.69
40,Female,41824,Married,467.15
34,Male,110190,Married,1065.78
31,Male,56516,Married,553.66
59,Male,40921,Single,709.73
25,Male,35768,Single,558.16
49,Male,105508,Single,935.82
52,Male,32883,Single,590.97
24,Male,39194,Married,590.77
33,Male,32560,Married,618.12
25,Female,108901,Single,914.19
59,Male,57317,Married,863.03
53,Male,75312,Single,776.25
50,Male,47595,Married,724.72
55,Male,53215,Married,795.3
18,Male,100682,Single,795.68
25,Female,37379,Married,754.78
58,Female,48708,Single,996.31
63,Male,67557,Married,711.06
53,Male,88112,Single,650.3
65,Male,67204,Single,633.61
46,Male,29393,Single,619.13
63,Female,78048,Married,698.59
55,Male,115201,Single,800.28
20,Female,95484,Married,782.82
52,Male,111619,Married,950.32
33,Female,23050,Single,579.34
19,Male,24664,Married,411.08
68,Female,28641,Single,643.96
19,Female,23312,Single,467.96
32,Female,67898,Married,651.16
70,Female,110369,Single,1104.25
35,Female,44485,Single,627.98
44,Male,73146,Married,848.71
23,Female,106245,Married,1040.43
52,Male,59106,Married,591.15
29,Female,76506,Single,649.23
68,Male,107295,Married,808.05
70,Female,24653,Single,870.59
26,Female,72066,Single,778.37
42,Male,65972,Single,733.31
56,Female,18403,Married,586.75
38,Female,54477,Single,595.41
34,Male,64067,Married,585.48
69,Male,26240,Single,629.61
46,Male,28633,Single,612.91
27,Male,39131,Married,698.63
27,Female,47655,Married,832.16
19,Female,91199,Married,755.66
66,Female,26176,Married,779.72
21,Male,96226,Married,739.95
19,Female,22837,Married,585.54
28,Female,81405,Married,955.57
21,Male,110241,Single,695.46
62,Female,72233,Single,909.77
35,Male,79308,Married,761.0
36,Male,16151,Married,518.07
59,Female,26555,Single,840.45
42,Male,89347,Single,769.99
50,Female,93742,Single,980.29
51,Male,44904,Married,777.08
48,Male,37288,Single,647.85
22,Female,36870,Single,505.31
26,Female,31043,Single,511.33
68,Male,18674,Single,692.66
50,Male,38035,Single,625.09
38,Male,101443,Single,872.35
43,Male,74221,Married,1018.47
33,Female,58345,Single,537.98
37,Male,72304,Married,597.48
51,Female,25041,Single,750.3
66,Male,58065,Married,970.07
56,Male,18101,Single,407.93
38,Female,65949,Married,733.5
53,Male,69569,Single,705.96
30,Male,54534,Single,560.17
63,Male,54718,Married,851.36
46,Male,100453,Single,990.82
50,Female,96541,Married,1136.25
63,Female,94760,Single,781.24
53,Male,39588,Single,449.1
22,Male,74940,Married,769.41
25,Male,93721,Married,974.15
69,Female,58715,Married,985.63
59,Female,47884,Single,859.46
36,Male,65454,Married,706.14
21,Male,18823,Married,651.97
52,Female,16436,Single,505.37
36,Female,54364,Married,658.64
58,Female,77900,Single,961.59
35,Female,52098,Married,755.17
31,Male,18335,Married,625.27
44,Male,34703,Single,827.98
41,Male,58085,Married,916.95
69,Male,86290,Single,831.94
26,Male,110850,Married,984.06
40,Male,119292,Single,1068.4
31,Female,103695,Single,910.36
68,Male,91610,Single,1064.71
32,Male,57913,Married,614.3
53,Female,62469,Married,685.96
46,Male,17205,Married,562.95
27,Female,91379,Single,930.37
33,Male,66538,Single,674.26
70,Female,100585,Single,993.25
31,Female,84959,Single,678.03
47,Female,72372,Married,893.16
25,Female,27259,Single,520.98
18,Male,43954,Single,363.77
21,Male,74656,Married,539.46
68,Female,67660,Married,905.81
63,Female,65020,Married,717.64
57,Male,26224,Single,365.37
32,Female,40131,Married,483.08
68,Male,72903,Single,904.19
57,Female,29773,Married,685.85
50,Female,108998,Married,842.23
69,Female,51137,Married,790.61
18,Female,41264,Single,643.87
33,Female,47985,Married,594.21
45,Female,72860,Single,930.16
62,Female,23230,Married,794.15
26,Male,15366,Single,519.31
63,Male,24988,Single,804.64
25,Male,80505,Single,575.75
50,Female,83740,Single,858.69
43,Male,66022,Married,675.5
19,Male,119887,Married,882.2
40,Female,63173,Married,807.76
69,Male,92665,Single,770.36
34,Female,17876,Single,374.26
66,Female,22485,Single,821.77
32,Female,77240,Single,694.1
50,Female,34583,Single,620.65
67,Male,57946,Single,644.34
31,Female,42316,Married,627.93
60,Male,114120,Married,1171.94
43,Female,20865,Married,605.71
43,Male,22375,Married,619.84
24,Female,58111,Married,788.43
43,Female,77418,Married,1014.7
28,Male,49167,Married,567.04
54,Male,79651,Married,774.19
57,Male,16999,Married,614.9
45,Female,30693,Married,657.59
21,Female,97722,Married,818.37
42,Female,16355,Single,875.87
28,Female,75377,Married,867.89
26,Female,115380,Married,937.38
32,Male,94764,Married,880.92
42,Female,26998,Married,504.31
60,Male,34122,Single,529.3
37,Male,70979,Married,700.23
52,Male,29716,Single,732.06
31,Female,65483,Married,708.28
19,Female,84594,Single,860.17
45,Female,117378,Single,1064.32
55,Male,59497,Single,627.71
56,Male,110887,Married,923.09
66,Male,116780,Married,878.41
20,Female,33735,Single,582.37
33,Male,26150,Married,508.01
35,Male,46017,Single,710.8
42,Male,112278,Married,914.78
23,Male,112085,Single,860.57
69,Female,119442,Single,1031.42
45,Female,113507,Single,930.61
43,Female,96452,Single,1116.31
56,Male,73998,Married,703.0
20,Female,48115,Married,653.4
47,Male,92934,Married,834.79
70,Female,104037,Married,1204.03
31,Female,81101,Single,680.75
48,Male,69835,Single,856.57
32,Male,32363,Single,963.7
26,Female,68350,Single,885.55
54,Female,33018,Married,645.52
33,Female,50139,Married,652.84
64,Female,90260,Single,1000.76
45,Female,21350,Single,514.5
41,Female,93045,Single,873.39
18,Male,106717,Married,843.99
47,Female,106493,Married,1038.27
27,Female,49927,Married,768.41
25,Male,115381,Single,683.35
58,Female,33695,Single,367.69
41,Female,112374,Married,981.08
27,Female,43298,Married,457.28
40,Male,113943,Single,853.98
37,Female,103699,Married,815.49
62,Male,27831,Single,766.04
52,Male,61584,Married,738.36
38,Male,41399,Single,374.78
43,Female,100958,Married,875.91
34,Male,92232,Single,762.54
53,Female,32915,Married,590.48
61,Male,45096,Married,766.26
28,Female,85697,Single,802.31
36,Male,68950,Married,739.81
32,Male,90380,Married,713.68
43,Male,114114,Married,938.19
36,Female,76488,Single,954.66
35,Female,22971,Married,594.14
56,Male,83924,Single,977.33
18,Male,30985,Single,287.47
23,Female,53284,Married,562.84
40,Male,73005,Married,827.22
23,Female,106128,Married,1042.26
50,Female,89160,Married,943.94
27,Male,90894,Single,534.61
36,Female,86231,Single,733.27
34,Male,17610,Single,682.46
30,Male,91486,Single,931.36
41,Female,41703,Single,594.5
65,Male,36059,Married,561.67
64,Male,89044,Single,786.8
48,Male,19188,Single,515.79
46,Female,18004,Single,682.89
19,Male,94654,Married,824.27
40,Male,18800,Married,578.29
68,Female,40569,Married,763.81
38,Male,33380,Married,677.0
37,Male,44534,Married,538.92
44,Male,110524,Single,1013.7
69,Male,74731,Married,795.89
25,Female,115331,Single,743.48
28,Female,99903,Married,1043.38
59,Female,60334,Married,745.99
24,Female,20483,Single,627.06
29,Male,58217,Single,575.1
27,Female,73136,Married,565.49
29,Male,72824,Single,871.15
40,Male,56547,Married,770.87
31,Male,63547,Married,680.69
24,Male,33026,Single,571.42
65,Female,103381,Married,711.97
51,Female,29373,Married,643.15
61,Male,21222,Single,744.65
45,Male,56868,Married,808.57
48,Female,110611,Married,1228.31
62,Male,43799,Single,602.52
30,Male,119556,Married,887.4
37,Male,45046,Single,782.04
19,Female,25771,Single,690.27
55,Female,74895,Married,905.19
43,Male,118111,Married,958.48
49,Female,34625,Single,550.48
60,Male,99883,Single,998.13
41,Male,116694,Single,984.41
46,Female,45704,Single,559.97
45,Female,111349,Married,918.67
60,Female,82907,Single,1080.07
50,Female,71135,Married,957.04
41,Male,119863,Single,851.48
38,Male,91243,Married,982.98
38,Female,77120,Married,780.61
50,Female,90235,Married,995.54
52,Female,42049,Single,464.73
19,Female,106810,Single,716.75
45,Male,109995,Married,1095.35
60,Male,36664,Married,638.72
53,Male,76769,Married,613.53
35,Female,103606,Married,949.11
39,Female,56284,Single,591.75
51,Male,60793,Single,728.01
47,Male,76131,Married,798.39
55,Male,102586,Single,839.94
55,Male,91930,Single,782.53
35,Female,89104,Single,743.83
40,Female,43513,Married,772.78
57,Male,80370,Single,731.8
61,Male,92238,Married,1054.06
68,Male,51179,Single,677.94
58,Female,19319,Married,715.54
44,Female,60562,Single,786.8
18,Male,89217,Single,607.71
24,Male,74748,Single,810.34
38,Male,15074,Married,387.73
18,Male,103128,Single,959.46
33,Male,100398,Married,868.99
28,Male,77485,Single,766.67
58,Female,91478,Married,870.15
25,Male,110483,Married,759.57
66,Female,60911,Single,729.38
50,Female,27182,Married,712.6
69,Male,116473,Married,879.29
32,Female,61804,Married,896.19
30,Female,101686,Married,1071.66
50,Male,20518,Married,691.23
18,Male,41023,Single,434.31
46,Female,16908,Married,807.58
39,Female,65006,Married,906.79
30,Male,101331,Single,806.87
51,Male,65823,Married,965.13
69,Female,79324,Married,1056.18
21,Male,25076,Single,582.56
40,Male,40460,Married,665.54
50,Female,85404,Single,972.45
18,Male,75751,Married,556.76
53,Male,74595,Married,811.51
60,Male,28504,Single,498.17
33,Female,73706,Married,782.29
66,Female,17511,Married,704.6
61,Female,68966,Married,605.81
70,Male,96016,Married,1006.99
38,Male,98758,Single,760.01
19,Male,26559,Married,552.39
46,Female,68087,Single,811.14
36,Male,76268,Married,981.52
50,Female,101063,Married,863.55
35,Male,46830,Married,797.32
58,Female,92101,Single,864.6
38,Female,112934,Single,1064.43
57,Male,46904,Married,714.19
25,Female,58716,Single,511.09
21,Male,104004,Married,860.35
48,Male,52568,Married,652.05
19,Male,115884,Married,934.32
20,Female,17613,Married,479.17
55,Female,30065,Married,722.08
25,Male,100401,Single,717.08
20,Male,17813,Single,604.68
61,Female,60087,Single,885.98
42,Female,33072,Single,690.29
52,Male,78298,Married,906.83
49,Male,22123,Married,360.06
50,Male,63083,Married,941.44
50,Female,108318,Married,1028.68
67,Female,74792,Married,1055.94
38,Male,97452,Single,870.03
47,Female,89407,Single,779.04
21,Female,53906,Single,458.72
29,Male,24029,Single,544.5
44,Male,115339,Single,846.62
43,Female,86590,Married,788.85
40,Female,30945,Single,501.79
49,Male,77681,Married,595.85
58,Male,89085,Single,1017.72
47,Male,28859,Married,727.36
25,Male,44094,Single,442.0
54,Female,118490,Married,928.96
36,Female,31102,Single,751.94
21,Male,88140,Single,698.86
26,Male,96340,Single,1062.73
19,Male,83328,Single,858.58
63,Male,32535,Married,767.05
25,Male,104975,Married,820.34
58,Male,58204,Married,850.12
22,Female,85378,Married,738.4
59,Male,34618,Married,464.19
34,Female,60618,Married,843.52
64,Female,108250,Married,1230.54
34,Female,42951,Married,752.47
20,Male,116702,Married,904.92
19,Female,49552,Single,615.98
25,Female,21872,Single,909.99
37,Male,28630,Married,587.65
64,Male,19169,Married,912.93
34,Female,82676,Single,732.83
69,Female,79333,Married,1083.0
36,Female,15668,Married,475.15
48,Female,86800,Single,853.27
67,Female,70002,Married,850.72
20,Female,61259,Married,732.95
29,Female,44207,Single,649.09
50,Female,68253,Single,872.95
68,Female,36673,Married,673.61
24,Female,84911,Married,709.12
24,Female,73469,Single,893.81
51,Female,114944,Married,1043.9
30,Male,16563,Married,554.1
59,Male,103109,Married,990.7
64,Male,82593,Single,882.05
39,Female,48098,Single,564.73
53,Male,26539,Married,731.06
59,Male,104275,Married,1174.48
64,Female,46612,Single,824.47
45,Female,91415,Married,789.43
46,Male,103857,Married,904.45
40,Male,57060,Single,795.11
46,Male,88760,Married,885.25
43,Male,36840,Married,777.62
42,Male,90465,Married,1068.74
36,Male,109353,Married,1000.09
26,Male,112262,Married,939.65
47,Male,33006,Single,582.28
68,Male,77554,Married,689.53
52,Female,41773,Single,569.25
24,Female,90859,Married,943.75
22,Male,39183,Married,724.8
64,Male,92030,Married,797.41
65,Female,96153,Single,976.83
23,Female,55352,Married,552.59
44,Female,115884,Single,659.98
23,Male,57854,Married,791.7
70,Female,20476,Married,603.87
47,Female,65986,Married,744.0
44,Male,60041,Married,803.45
66,Female,33795,Single,735.97
65,Male,48973,Married,812.87
59,Male,37104,Single,616.67
23,Male,40370,Single,457.48
30,Female,99164,Married,903.06
38,Male,53069,Married,755.37
46,Female,82433,Married,880.65
64,Male,54041,Married,891.93
42,Male,92995,Married,856.76
33,Male,101105,Single,989.56
43,Female,86546,Married,1008.2
46,Female,57756,Single,703.91
21,Male,107787,Single,939.15
27,Male,55252,Married,512.34
41,Female,44675,Married,681.46
38,Female,103215,Married,1081.05
35,Male,54117,Married,654.39
21,Male,39085,Married,422.68
35,Female,92186,Single,955.3
37,Female,104333,Married,796.12
40,Female,56615,Married,961.14
25,Female,60674,Married,517.33
60,Female,86595,Married,1097.5
68,Female,109794,Single,914.04
31,Female,73821,Single,964.47
43,Male,85082,Single,879.78
37,Male,16816,Married,594.34
43,Female,18907,Married,562.03
18,Female,105983,Married,1103.66
43,Female,66273,Single,887.81
62,Male,52484,Married,922.59
70,Male,46208,Married,724.67
58,Male,70016,Single,892.52
68,Male,75737,Single,615.52
28,Male,87098,Single,714.89
36,Male,22002,Single,378.48
63,Female,58615,Single,931.69
69,Female,32299,Married,635.57
33,Female,97936,Married,1014.13
24,Female,86149,Single,1006.88
21,Female,82284,Single,792.05
22,Male,113875,Single,804.2
42,Male,65054,Married,914.0
64,Female,99775,Married,979.33
55,Female,93265,Married,929.58
33,Female,95140,Single,624.78
68,Male,18306,Married,545.4
29,Male,58011,Married,686.29
58,Female,64909,Single,760.71
54,Male,62152,Married,798.59
46,Female,80600,Married,1033.87
51,Female,115710,Married,1010.77
27,Male,76492,Single,706.04
61,Male,46011,Single,791.0
41,Female,55365,Single,699.46
39,Female,82955,Single,788.22
34,Female,51647,Married,755.06
68,Male,70859,Married,863.84
47,Female,109147,Single,1189.72
34,Male,69537,Single,861.55
66,Female,105457,Married,1016.72
68,Male,79567,Married,866.08
59,Female,56922,Married,911.16
23,Female,57628,Married,807.16
56,Female,116917,Single,985.38
44,Female,72475,Single,679.61
45,Male,37943,Single,677.59
64,Female,43798,Single,792.28
53,Male,118167,Single,1050.98
29,Male,99157,Married,702.01
20,Male,48850,Married,784.52
68,Male,96230,Single,1146.95
39,Female,86363,Married,660.73
21,Male,80710,Single,880.75
36,Female,113344,Single,824.74
51,Male,40284,Married,882.41
30,Male,77192,Single,624.61
70,Male,45973,Single,858.27
28,Male,51762,Single,714.12
27,Male,42453,Single,599.41
34,Female,60525,Single,858.66
58,Male,117776,Single,1169.9
69,Male,60149,Married,770.01
43,Female,104476,Single,945.79
33,Male,113149,Married,829.86
28,Male,106746,Married,762.66
49,Male,21885,Single,498.76
66,Male,60151,Single,817.02
47,Male,29456,Single,454.17
70,Female,102783,Single,970.36
49,Female,41020,Married,652.35
54,Female,57833,Married,658.63
29,Female,117471,Single,979.3
25,Female,77266,Single,592.65
26,Female,70257,Single,619.57
59,Female,69098,Single,892.67
25,Male,115129,Single,780.48
62,Female,98860,Married,814.55
18,Male,63957,Single,545.58
43,Male,45336,Married,682.93
43,Female,28175,Single,654.97
42,Male,65369,Single,594.1
44,Female,106953,Single,922.73
23,Female,112122,Married,626.92
26,Female,96762,Single,856.66
30,Female,100422,Single,788.33
56,Male,83660,Single,951.95
34,Female,23197,Single,464.93
22,Female,20137,Single,362.69
29,Female,56577,Married,521.53
28,Male,101392,Single,791.09
62,Male,53804,Single,828.78
45,Male,96540,Married,826.32
52,Male,88736,Married,929.27
61,Male,64465,Single,680.51
38,Male,37715,Married,391.51
45,Female,80747,Single,826.23
65,Male,92621,Single,774.98
41,Male,68164,Married,768.42
41,Female,84435,Single,927.83
24,Male,28036,Single,579.94
55,Male,62510,Married,864.18
64,Female,29260,Single,612.86
25,Female,54347,Married,644.49
62,Female,50604,Married,831.64
45,Female,105447,Single,586.41
55,Female,60047,Married,953.03
28,Male,98543,Single,846.93
18,Male,18090,Married,541.68
45,Male,30605,Married,609.45
66,Male,35872,Married,764.47
62,Male,55923,Married,830.04
60,Male,101217,Single,841.64
50,Male,57284,Single,843.22
27,Male,19584,Single,394.88
43,Male,79622,Married,904.2
27,Male,46590,Single,582.08
35,Male,70846,Single,628.3
52,Male,16145,Married,452.11
65,Male,114533,Single,982.98
18,Female,117436,Single,768.63
52,Male,41035,Married,758.59
68,Male,109956,Married,1087.32
67,Female,69907,Single,828.54
48,Female,101905,Married,896.78
45,Female,52263,Single,820.81
45,Male,104456,Single,868.82
37,Female,90360,Married,827.0
67,Male,75774,Married,978.2
20,Female,23440,Single,540.11
53,Male,42904,Married,722.18
60,Male,54872,Married,1007.09
52,Female,19052,Married,706.55
19,Male,77627,Single,597.62
43,Female,41996,Single,608.87
46,Female,59146,Married,688.53
24,Male,115402,Married,749.3
60,Male,95817,Married,971.01
67,Female,90545,Single,1011.39
46,Male,87696,Single,851.0
67,Female,76532,Married,1007.96
21,Female,91629,Married,963.35
47,Female,64129,Single,502.49
57,Female,91648,Single,877.56
64,Female,16169,Single,755.43
56,Male,64828,Single,738.13
31,Male,93383,Single,637.36
69,Female,90488,Single,978.93
57,Female,17575,Married,564.63
59,Male,79159,Single,815.91
20,Female,31398,Married,469.65
70,Male,32815,Single,514.95
35,Male,71617,Married,894.75
24,Female,64335,Married,824.18
62,Female,94931,Single,790.9
32,Female,21987,Single,648.28
50,Female,50197,Single,514.35
19,Female,54971,Married,734.64
52,Female,75344,Single,905.14
44,Male,85722,Single,831.89
53,Female,51225,Married,835.02
26,Female,87871,Single,820.43
67,Female,71520,Married,819.15
25,Female,109098,Married,1041.64
65,Female,118897,Single,983.54
23,Female,69757,Single,623.99
69,Female,76307,Single,837.3
45,Male,50899,Married,649.17
44,Male,81978,Single,818.93
57,Male,99733,Married,919.99
29,Male,71722,Single,738.94
28,Male,55933,Single,755.95
21,Male,17596,Single,541.86
61,Female,43225,Single,707.79
61,Female,20065,Married,758.92
18,Female,119168,Married,1079.57
63,Male,92649,Married,1020.5
30,Female,69545,Single,648.87
57,Male,105200,Married,977.81
65,Female,24919,Married,855.04
57,Female,100148,Married,988.72
49,Female,75191,Married,759.61
36,Female,116883,Married,1102.62
35,Female,28893,Single,616.41
22,Female,84490,Married,957.91
27,Male,81790,Single,539.3
56,Female,98013,Married,1241.67
57,Male,50787,Married,977.44
63,Female,30321,Married,769.88
23,Male,57062,Married,591.37
63,Female,78216,Married,1015.03
20,Female,113576,Single,968.05
69,Male,65094,Single,845.99
29,Female,50134,Married,669.07
31,Male,65017,Single,809.93
56,Female,26766,Married,505.63
27,Female,36310,Married,716.15
54,Female,91170,Married,1199.19
51,Male,65014,Married,763.99
59,Female,62612,Married,810.87
63,Male,88615,Single,903.57
25,Female,113473,Single,875.94
40,Male,28427,Single,530.21
44,Female,85341,Married,978.61
38,Male,81521,Single,800.36
50,Male,53312,Single,734.86
52,Male,36842,Single,586.46
51,Male,105124,Married,977.6
47,Female,59689,Single,849.12
68,Male,91880,Married,1106.05
21,Female,22508,Single,442.92
26,Male,28753,Single,479.9
67,Male,100219,Married,1087.79
59,Female,63379,Married,607.35
35,Female,74911,Married,701.14
31,Female,31366,Married,625.94
20,Male,95773,Single,935.22
39,Male,114180,Married,858.13
51,Male,19946,Married,668.15
62,Female,105177,Single,931.32
33,Female,116980,Married,1192.01
21,Male,119124,Married,740.18
42,Male,89015,Single,804.25
41,Male,111249,Single,820.69
57,Male,76391,Married,1118.5
62,Male,29627,Single,774.2
27,Male,44118,Married,820.46
60,Male,30897,Married,346.07
35,Female,28005,Single,541.1
70,Female,55934,Single,629.05
66,Male,80612,Married,919.28
39,Male,42109,Married,687.72
59,Male,100214,Married,866.11
22,Female,33779,Single,616.0
61,Female,60531,Married,825.3
22,Male,79899,Single,742.55
20,Female,57320,Married,488.0
58,Female,112878,Married,1086.51
45,Female,109041,Single,964.72
38,Female,100568,Married,924.35
49,Male,69773,Married,732.66
64,Female,41381,Single,682.14
47,Male,62049,Married,731.55
67,Female,19185,Married,728.26
37,Male,16758,Married,546.44
48,Male,22877,Single,491.29
51,Male,76993,Single,764.73
66,Female,79658,Single,1045.2
18,Male,103692,Single,763.62
58,Male,107831,Married,1072.63
62,Male,97139,Married,852.73
20,Female,40125,Single,411.66
30,Female,58369,Married,764.41
24,Male,65999,Single,708.14
33,Male,100161,Single,948.82
28,Male,25968,Married,599.32
20,Female,99860,Married,771.57
18,Female,34545,Single,457.11
55,Male,77489,Single,803.9
62,Male,36104,Married,614.8
67,Male,71199,Single,867.0
35,Female,115617,Married,910.32
59,Male,56771,Single,898.64
49,Female,50068,Single,716.35
50,Male,76085,Married,729.65
40,Female,102316,Married,857.02
68,Male,66249,Single,938.59
69,Male,84148,Single,619.52
58,Female,63235,Married,637.19
50,Female,38533,Single,624.39
19,Male,69015,Married,689.76
43,Male,46723,Married,814.54
36,Female,93158,Married,846.91
64,Female,35494,Married,874.67
24,Female,24474,Married,704.47
39,Female,105977,Married,951.47
39,Male,26146,Single,381.65
52,Male,27511,Single,582.81
19,Female,80473,Single,499.4
26,Male,117522,Single,848.83
65,Male,23637,Single,637.64
49,Male,82532,Married,694.69
32,Male,89371,Married,950.81
28,Male,114189,Married,982.51
30,Female,61560,Married,878.27
43,Female,32798,Single,627.63
69,Male,111592,Married,1108.8
52,Male,51181,Single,782.77
34,Female,65692,Single,464.81
55,Male,95287,Single,938.29
27,Male,78708,Single,627.97
55,Female,84664,Single,962.73
49,Female,114106,Single,1033.71
51,Male,101180,Single,830.33
31,Female,79971,Single,732.74
66,Male,107824,Single,1081.71
24,Female,95836,Single,597.76
18,Male,46141,Single,585.39
58,Female,48669,Single,776.8
42,Female,29166,Single,362.65
23,Male,34032,Single,488.37
43,Male,49587,Single,801.26
63,Male,24718,Married,947.51
65,Male,101668,Single,825.78
37,Female,85339,Single,885.77
27,Male,73415,Married,749.33
43,Male,82418,Married,942.63
63,Male,99956,Single,901.47
40,Female,75511,Single,756.18
41,Male,92887,Single,907.67
68,Male,86001,Single,917.68
60,Male,107456,Married,852.36
63,Male,39739,Single,393.08
45,Male,76929,Single,707.21
33,Female,75420,Married,641.68
38,Female,53228,Single,785.64
51,Male,70281,Married,588.84
50,Male,64604,Married,802.21
33,Female,66756,Married,988.95
61,Male,44903,Married,518.36
22,Female,119690,Married,978.36
29,Female,36262,Married,731.76
33,Male,105845,Married,760.48
54,Male,119995,Single,982.1
21,Female,85879,Married,772.79
34,Female,67976,Married,773.22
23,Female,36572,Married,887.85
62,Male,70494,Married,762.0
35,Female,92460,Single,903.72
56,Male,96404,Married,944.59
27,Male,109764,Single,779.75
37,Male,67160,Married,682.24
37,Male,21288,Single,654.72
67,Male,89504,Single,992.86
41,Male,27376,Single,628.54
34,Female,110842,Single,753.72
33,Male,86721,Single,707.98
46,Male,67573,Married,515.43
51,Male,87131,Married,1162.67
48,Male,84144,Married,763.84
33,Female,37884,Married,819.2
66,Female,29132,Single,783.84
37,Female,62207,Single,740.19
48,Male,31187,Married,560.76
47,Female,99208,Single,873.4
57,Female,93626,Single,952.07
52,Female,24794,Married,828.06
52,Female,87776,Single,810.25
36,Male,53866,Single,693.48
51,Female,79662,Single,809.59
62,Female,32212,Married,633.49
55,Female,17278,Single,559.92
18,Female,97008,Single,969.87
36,Female,110102,Single,1054.12
38,Female,97173,Married,850.22
27,Male,65428,Married,825.43
18,Male,15371,Single,566.6
63,Female,96594,Married,1006.52
62,Female,87077,Single,743.3
57,Female,68332,Single,933.49
67,Male,97811,Married,982.4
62,Female,50183,Married,893.64
25,Female,79197,Single,643.24
19,Female,58755,Single,686.49
53,Female,115593,Married,903.18
65,Male,102300,Married,884.98
53,Female,112851,Single,1254.58
18,Male,29738,Single,145.88
52,Male,78390,Married,688.32
67,Female,90496,Single,1034.66
29,Female,113036,Single,742.51
62,Female,118711,Married,1123.82
30,Female,42931,Married,521.06
31,Female,107313,Married,985.63
64,Male,58518,Single,865.11
52,Female,59034,Single,857.14
39,Female,18316,Single,478.91
68,Male,112983,Single,1051.31
61,Male,55441,Married,836.79
68,Female,42046,Single,989.86
43,Male,84325,Married,842.04
41,Female,29106,Married,702.41
58,Male,30088,Married,672.58
58,Female,87165,Single,1141.76
32,Male,37418,Single,663.88
49,Female,63730,Single,613.36
35,Female,95474,Married,891.49
68,Female,81172,Married,833.95
53,Female,58090,Married,719.1
33,Female,15586,Single,518.83
22,Male,94316,Single,715.33
31,Male,32638,Single,683.51
42,Male,87460,Single,652.43
23,Male,71439,Single,687.87
54,Female,20112,Married,747.77
55,Female,54309,Married,699.29
39,Male,64642,Single,815.15
57,Male,75296,Married,801.54
54,Female,38667,Married,905.18
32,Female,118557,Married,975.18
55,Female,21007,Single,666.07
39,Female,109950,Married,929.16
49,Male,61080,Married,703.92
21,Male,62494,Single,356.65
50,Male,82030,Married,919.74
31,Male,43811,Single,278.01
65,Male,53438,Single,755.42
70,Female,112578,Married,1062.08
25,Male,97023,Married,773.71
49,Female,20882,Married,627.83
34,Female,53541,Married,838.41
57,Male,20921,Single,438.13
31,Female,110868,Married,1019.18
25,Male,97507,Married,966.84
22,Female,37948,Married,798.84
39,Male,65050,Single,749.73
26,Female,15543,Married,616.07
29,Male,23967,Married,546.04
48,Male,98379,Married,1041.46
70,Female,34668,Married,859.8
21,Female,80679,Married,697.84
54,Female,25877,Married,670.7
41,Female,89047,Married,883.98
57,Female,37457,Single,835.85
65,Male,57509,Married,926.15
20,Female,92993,Single,811.38
24,Female,96426,Married,1007.36
43,Female,25766,Married,649.38
37,Male,50830,Married,889.49
41,Female,102951,Single,892.08
24,Male,20845,Single,466.19
43,Female,64896,Single,668.48
61,Male,20734,Single,675.09
57,Male,33342,Single,744.93
19,Female,37844,Married,632.38
52,Male,26860,Married,701.97
56,Female,26587,Single,770.84
23,Male,43439,Single,402.41
63,Female,62220,Single,811.51
47,Female,22059,Single,718.35
40,Female,83220,Single,691.89
42,Male,65345,Single,790.81
22,Female,107672,Single,843.25
46,Male,105376,Single,717.21
70,Male,41718,Married,865.47
66,Male,62623,Single,954.78
41,Female,88918,Single,827.11
61,Female,54508,Single,901.33
32,Female,118173,Single,1033.81
21,Male,23007,Married,308.42
41,Female,86401,Married,912.0
67,Male,107292,Married,1030.89
66,Male,24018,Married,702.93
53,Male,73276,Single,1011.3
70,Female,24362,Single,682.4
49,Male,53039,Single,666.63
42,Male,84980,Married,1031.92
22,Female,116957,Single,944.53
29,Female,28977,Single,542.74
60,Male,36009,Married,820.71
66,Female,87085,Single,1110.25
33,Male,23957,Single,671.42
56,Female,119572,Married,1077.77
67,Female,50591,Married,882.03
24,Male,74510,Married,595.35
65,Female,97150,Single,878.52
28,Female,96687,Single,805.35
66,Male,83372,Single,737.14
70,Male,112916,Single,1084.33
45,Female,101114,Single,988.9
48,Male,40184,Single,604.26
46,Female,99006,Married,964.52
29,Male,56030,Married,761.71
64,Male,50270,Married,880.87
51,Male,91203,Single,958.21
35,Male,90586,Single,885.37
69,Male,29027,Single,714.56
70,Female,49052,Single,840.07
51,Male,95679,Single,910.67
39,Male,117272,Single,764.93
61,Female,80289,Single,834.08
43,Male,17914,Married,342.28
19,Male,115407,Single,903.25
31,Female,104207,Single,803.6
33,Female,40580,Single,752.26
69,Male,29364,Married,829.31
29,Female,114526,Single,989.0
46,Female,57826,Single,815.86
24,Male,28593,Married,587.78
40,Male,88493,Married,748.74
60,Female,84055,Single,899.46
27,Male,74198,Single,775.01
42,Female,84218,Single,874.94
29,Male,109877,Married,918.66
58,Male,53098,Single,944.56
42,Female,117598,Single,941.3
32,Female,110620,Married,931.17
62,Female,79142,Married,1028.99
24,Female,45310,Married,379.91
52,Male,116119,Single,873.83
63,Male,72457,Single,733.47
40,Female,111877,Single,1122.32
41,Male,84935,Married,843.37
47,Female,37245,Married,632.93
25,Female,72331,Married,735.75
55,Male,15477,Single,518.78
26,Male,64301,Married,618.47
19,Male,33063,Single,290.29
53,Female,118316,Married,957.25
63,Female,107480,Married,906.77
37,Female,100528,Single,992.14
66,Female,28894,Single,774.18
68,Female,46886,Married,750.35
55,Female,98229,Married,986.16
44,Female,53422,Single,710.89
65,Female,73337,Married,862.29
23,Male,76279,Single,654.65
34,Male,87177,Married,742.9
30,Female,42587,Married,712.07
32,Female,116705,Single,928.92
57,Male,64600,Married,588.18
42,Male,65623,Married,914.59
41,Male,51484,Single,647.45
18,Female,59723,Married,583.42
31,Male,72291,Single,752.32
41,Male,90849,Single,895.85
40,Male,78058,Single,680.43
68,Male,96931,Single,942.27
23,Female,83115,Single,827.6
49,Female,30283,Married,620.87
26,Female,101845,Single,665.53
23,Male,111956,Single,976.39
56,Female,97386,Married,1070.4
25,Female,117617,Single,776.74
43,Male,30227,Single,396.79
24,Female,74735,Married,727.72
40,Male,21520,Married,848.71
31,Female,100928,Married,832.72
26,Female,72981,Single,820.76
32,Male,99530,Single,921.84
19,Male,30485,Single,516.09
20,Male,50267,Single,470.56
70,Male,39127,Single,795.79
58,Male,58241,Married,701.07
60,Male,113556,Married,878.26
50,Female,116743,Married,1152.0
42,Male,32574,Married,613.03
18,Female,61194,Single,619.27
66,Female,91387,Single,1059.02
43,Female,22623,Married,885.89
30,Female,59552,Married,850.6
53,Male,83160,Married,889.05
19,Female,51779,Married,490.72
70,Male,116634,Married,1038.86
27,Male,90038,Single,999.27
68,Female,64689,Single,645.82
58,Female,98256,Married,785.02
50,Male,64264,Married,753.83
39,Female,105561,Married,1105.27
25,Male,76216,Single,659.12
59,Male,61311,Married,722.96
49,Male,77389,Single,742.39
32,Female,115223,Married,968.21
19,Female,17692,Married,570.07
58,Male,16170,Single,501.66
50,Female,35812,Single,671.28
19,Male,85181,Married,802.03
54,Male,36480,Single,538.2
22,Male,52372,Married,598.81
48,Female,22173,Single,753.57
27,Female,23118,Married,663.12
46,Female,44326,Single,884.78
18,Male,52822,Married,608.4
60,Male,53041,Married,779.17
69,Male,16373,Married,495.6
59,Female,102164,Married,1126.72
34,Male,79843,Single,669.01
40,Male,46151,Single,529.67
30,Male,22583,Married,610.41
54,Female,61448,Single,812.48
27,Female,118619,Married,923.75
22,Male,51424,Single,494.57
30,Female,102890,Single,763.35
59,Female,33677,Married,649.83
47,Male,91039,Married,1022.53
56,Male,48170,Married,746.31
45,Male,33677,Married,786.73
68,Female,100542,Married,1072.45
68,Female,116807,Married,1133.19
22,Female,53766,Married,745.7
45,Female,40100,Married,664.0
34,Male,55205,Single,605.69
20,Female,21016,Single,531.95
68,Male,114866,Single,1101.09
63,Female,63732,Single,914.9
58,Male,118413,Single,896.64
55,Female,53079,Married,608.14
44,Female,103271,Single,962.52
23,Female,93792,Married,699.07
32,Male,42370,Single,691.02
48,Male,103197,Married,1067.02
66,Male,20110,Married,613.13
48,Male,91469,Married,742.47
24,Male,92845,Single,639.83
54,Female,41369,Married,725.69
43,Female,52711,Married,908.39
70,Female,97693,Married,1202.7
64,Male,30293,Single,550.53
21,Male,46314,Married,623.63
51,Female,83268,Married,1007.27
44,Female,103265,Single,1006.62
39,Male,75857,Single,665.08
30,Male,90232,Single,635.68
25,Female,117053,Single,992.4
33,Female,93596,Married,873.7
56,Male,52094,Single,692.82
46,Male,95398,Single,952.68
58,Female,32891,Married,849.02
39,Female,75563,Married,712.55
39,Male,86492,Single,816.07
36,Female,73907,Married,872.71
56,Male,97375,Married,813.05
37,Male,21500,Married,760.52
18,Male,54777,Married,674.98
62,Female,82508,Single,961.14
69,Male,50949,Married,673.22
45,Male,68582,Married,770.84
42,Male,83766,Single,660.63
41,Female,68876,Married,939.36
70,Male,58196,Married,529.83
67,Male,44209,Single,637.42
66,Female,113063,Single,866.57
35,Male,40664,Single,505.87
47,Male,26194,Single,486.33
25,Male,84839,Married,815.08
25,Female,109761,Married,1006.63
51,Female,23536,Single,449.83
48,Female,74502,Single,1032.66
63,Female,85168,Married,826.3
48,Female,40152,Married,944.27
36,Female,45411,Married,798.54
36,Male,19059,Married,504.01
70,Female,55193,Married,876.68
35,Female,84472,Single,838.53
65,Female,91199,Single,1108.09
39,Female,117571,Single,825.49
28,Male,58995,Married,575.13
34,Male,81594,Single,609.36
46,Male,21285,Single,580.06
43,Female,116197,Married,829.35
51,Female,119823,Married,991.34
23,Male,106047,Single,747.83
45,Male,72983,Single,751.45
52,Female,74094,Married,812.61
43,Male,93085,Single,583.77
35,Male,107862,Married,753.63
27,Female,82533,Married,617.99
28,Female,42659,Single,584.18
51,Male,43479,Married,777.21
49,Male,50429,Single,576.18
68,Female,53072,Married,693.57
23,Female,40534,Single,715.7
42,Male,72808,Married,959.21
37,Male,84411,Married,517.87
21,Male,60312,Married,811.64
62,Male,26138,Married,724.85
55,Male,25410,Married,667.48
22,Male,90031,Married,725.44
52,Male,55022,Married,726.13
30,Male,86995,Married,756.25
45,Female,71719,Single,1005.95
32,Male,64401,Married,781.87
39,Male,74131,Married,820.21
30,Female,106587,Single,888.98
28,Male,119778,Single,924.45
20,Female,65057,Single,903.3
39,Female,93030,Single,907.45
36,Male,21818,Married,511.26
63,Male,100685,Married,1265.9
60,Female,66276,Single,968.85
31,Male,25190,Single,808.73
64,Female,82679,Single,928.75
69,Female,29346,Married,677.56
27,Female,92959,Single,709.1
64,Male,111445,Married,1076.87
36,Female,98328,Married,931.52
54,Male,76794,Married,932.89
67,Female,93645,Single,940.54
28,Female,25267,Single,484.0
50,Male,51731,Single,762.06
49,Male,40672,Single,592.98
32,Female,77512,Married,469.77
65,Male,29500,Married,681.18
43,Male,108922,Single,704.84
60,Male,87618,Single,992.56
19,Female,65159,Single,568.62
19,Male,89738,Married,866.43
58,Male,36714,Married,727.88
23,Male,75437,Single,813.35
63,Male,22307,Single,509.72
30,Male,119569,Single,713.7
44,Female,100324,Married,920.33
20,Male,102060,Single,699.54
18,Male,68378,Married,633.07
37,Female,88806,Married,694.24
30,Female,99060,Single,753.49
43,Female,74851,Single,791.38
54,Male,47371,Married,911.53
34,Male,16881,Single,677.0
44,Male,49256,Single,753.04
49,Male,115106,Married,1123.78
29,Male,71632,Single,756.27
53,Male,63879,Married,703.59
62,Female,106651,Single,845.11
59,Female,51831,Single,713.32
62,Female,99285,Married,954.46
39,Female,63450,Married,649.53
44,Female,33319,Married,581.45
69,Male,15998,Single,632.24
35,Male,88792,Single,575.78
59,Male,57993,Single,848.68
41,Female,37810,Single,727.36
66,Female,118564,Single,1060.08
63,Male,32821,Married,847.63
43,Female,48860,Single,788.99
20,Male,115371,Single,758.46
68,Male,46984,Married,1063.98
42,Male,78972,Single,634.99
59,Female,95541,Single,990.34
21,Male,114271,Married,1063.8
52,Male,98666,Single,719.31
55,Female,113009,Married,1000.86
30,Female,99228,Married,1079.39
59,Male,27569,Single,759.1
22,Female,94793,Single,545.89
50,Male,35497,Single,698.81
39,Female,80326,Married,736.09
19,Male,118603,Single,781.21
54,Female,22497,Married,821.03
30,Female,54352,Single,443.35
51,Female,15127,Single,554.62
37,Female,83526,Single,824.92
48,Female,79974,Married,927.02
63,Male,107500,Married,977.41
19,Female,63334,Single,546.2
18,Male,45728,Single,461.2
27,Male,116871,Married,955.93
19,Female,84329,Single,716.38
65,Male,66849,Married,883.05
41,Female,50235,Married,785.44
44,Male,76226,Single,747.36
46,Female,112624,Single,926.22
68,Male,21146,Single,730.26
34,Male,22192,Married,662.59
27,Female,21634,Single,465.99
46,Female,94150,Single,905.04
57,Female,35114,Single,475.3
37,Female,90202,Single,838.24
43,Male,17846,Single,346.64
69,Male,55693,Single,855.77
54,Male,82098,Single,776.21
30,Female,102499,Married,1073.19
42,Female,87810,Single,810.06
31,Male,54518,Married,748.96
46,Female,67170,Single,653.8
22,Male,29352,Married,610.82
69,Female,95550,Married,871.52
20,Female,57849,Married,632.01
69,Female,116545,Married,840.56
39,Male,115162,Single,782.98
66,Female,104715,Married,1201.63
45,Male,114239,Single,1119.62
46,Male,88243,Married,888.7
31,Male,59653,Married,732.54
66,Female,16259,Single,670.9
60,Male,34828,Married,699.17
28,Male,87152,Single,801.4
43,Female,75602,Married,950.25
56,Female,95992,Married,1022.36
30,Male,35842,Single,537.33
18,Female,118626,Single,815.18
36,Female,91272,Single,779.42
62,Female,47630,Single,701.03
30,Male,29889,Single,561.57
44,Female,107496,Single,954.67
48,Male,42475,Married,479.32
23,Male,109768,Married,1050.43
33,Female,96823,Single,812.83
27,Male,96300,Married,854.0
33,Male,97156,Married,836.88
28,Male,59486,Married,595.71
19,Male,108927,Single,756.41
39,Male,112575,Single,813.15
59,Male,75714,Single,988.45
55,Female,53013,Single,648.98
69,Male,78530,Married,823.64
55,Male,93270,Single,1060.13
22,Female,107659,Single,912.24
19,Male,89178,Married,909.61
55,Female,68286,Married,864.9
26,Female,51202,Married,573.29
34,Male,21061,Married,560.28
46,Female,100286,Single,945.36
50,Female,94038,Married,1031.46
53,Male,95188,Single,745.13
48,Male,48702,Married,666.96
29,Male,36523,Single,733.11
25,Male,21552,Single,722.55
25,Female,19933,Single,495.91
27,Female,85591,Married,801.01
69,Female,117644,Single,1005.66
37,Female,102769,Married,933.8
69,Female,106552,Single,978.53
32,Male,83952,Single,662.58
63,Male,24013,Single,600.66
37,Male,59825,Single,539.69
42,Female,57157,Single,657.0
34,Male,73850,Single,874.14
67,Female,102200,Married,973.63
20,Male,40729,Married,355.82
34,Female,50288,Single,458.62
69,Male,100726,Single,1004.97
58,Female,30625,Married,887.99
66,Male,89611,Married,956.85
63,Male,49096,Married,824.8
29,Male,24087,Married,280.73
49,Female,30166,Married,513.82
28,Male,66880,Single,669.1
59,Male,86811,Married,1063.11
60,Female,83869,Single,950.82
26,Female,17566,Single,337.02
43,Female,95335,Single,740.09
26,Female,45265,Married,824.08
64,Male,33245,Married,897.15
50,Male,95982,Single,1130.23
69,Female,114366,Single,952.72
39,Female,116023,Married,1100.9
68,Male,114799,Married,964.73
68,Female,28827,Single,664.49
40,Female,111804,Married,1055.76
32,Male,112966,Single,821.57
65,Male,109265,Single,1044.77
33,Female,99185,Single,801.87
40,Female,81356,Single,837.93
20,Male,27223,Single,577.31
60,Female,17063,Single,773.84
21,Male,108241,Single,769.91
52,Female,70847,Married,731.55
60,Male,116730,Single,1156.98
70,Female,76275,Married,1107.49
39,Male,101468,Single,829.93
54,Female,91652,Married,945.34
60,Male,107885,Married,945.02
63,Female,33642,Single,610.51
68,Male,84546,Married,804.99
30,Male,77833,Married,833.73
50,Female,112016,Single,904.78
32,Female,106305,Single,993.63
60,Female,36413,Single,705.49
57,Male,84450,Married,1005.04
28,Female,21089,Single,668.65
63,Male,111389,Married,1003.22
47,Male,27054,Married,541.09
27,Female,38271,Single,707.28
70,Female,88273,Married,690.94
18,Female,50347,Married,522.08
48,Male,87863,Single,1091.28
49,Female,41050,Married,686.46
67,Female,97866,Single,967.22
54,Male,52190,Married,670.53
62,Female,40347,Single,550.44
62,Female,75609,Married,918.41
61,Male,105212,Single,1141.73
20,Female,93290,Married,700.52
53,Male,84543,Married,799.49
46,Female,35064,Single,699.44
18,Male,117748,Married,765.98
58,Male,64681,Single,846.57
50,Male,83487,Married,995.37
31,Male,107684,Married,800.58
29,Female,48270,Single,786.35
52,Male,85626,Single,1012.03
21,Female,82556,Married,1129.8
38,Male,117101,Married,1005.07
28,Female,95155,Married,600.3
70,Male,55230,Married,994.43
28,Male,23926,Single,452.34
27,Male,92274,Married,695.9
40,Male,117004,Single,806.07
54,Female,54484,Married,720.91
62,Male,110372,Single,946.9
33,Male,95406,Single,709.33
60,Male,29937,Married,866.65
70,Male,110839,Single,1069.12
64,Male,95746,Married,903.07
56,Female,116009,Single,1035.5
41,Female,50037,Married,1037.33
28,Male,109499,Single,782.67
54,Male,23873,Married,650.71
35,Male,86798,Married,778.1
35,Male,79943,Single,611.33
47,Male,35201,Single,583.82
43,Male,80070,Married,661.85
31,Female,99618,Single,880.77
64,Female,113101,Single,1261.97
42,Female,74085,Single,581.29
68,Female,43115,Single,734.94
42,Female,95129,Married,683.19
18,Female,83162,Married,769.57
64,Female,59994,Single,829.88
56,Female,80518,Single,813.28
19,Female,102649,Single,921.63
28,Female,70296,Married,717.33
54,Male,98386,Single,924.15
51,Male,29249,Single,786.81
63,Male,115343,Single,973.27
43,Male,53369,Single,673.27
43,Female,98908,Single,968.57
61,Male,34012,Married,1121.09
24,Male,74190,Single,638.93
66,Male,115752,Married,951.51
42,Male,36955,Married,638.87
45,Female,101121,Single,826.61
29,Male,109968,Single,768.67
69,Male,67859,Married,926.86
62,Female,81834,Single,996.0
59,Male,118682,Married,909.52
25,Male,86404,Married,864.65
27,Male,81083,Single,946.32
27,Male,55993,Married,718.17
42,Female,24538,Married,432.21
41,Male,50312,Single,723.19
59,Male,60443,Married,771.8
29,Female,54902,Married,713.88
42,Female,49382,Single,720.47
46,Male,77075,Married,936.63
35,Female,60720,Single,686.08
37,Male,116746,Married,1065.69
42,Female,66822,Single,649.44
39,Female,64507,Married,737.5
24,Male,63529,Single,664.19
57,Female,41474,Single,519.17
27,Female,85471,Single,908.29
60,Female,88294,Married,979.45
44,Male,42413,Married,585.61
22,Male,110593,Married,934.29
54,Male,35356,Single,714.61
38,Female,110704,Single,1072.29
20,Female,89551,Single,799.47
69,Male,98940,Single,1050.33
55,Male,26731,Married,993.92
20,Female,68576,Married,824.39
43,Male,108050,Single,1011.39
30,Female,58696,Single,738.46
47,Female,109579,Married,1048.79
27,Male,95440,Married,928.18
42,Female,37443,Married,499.16
64,Male,25000,Married,611.06
46,Female,52500,Married,618.41
20,Male,76702,Single,865.48
27,Male,68099,Married,696.21
26,Female,45542,Married,631.36
31,Female,113836,Single,931.62
44,Male,118082,Married,1020.77
55,Female,59576,Single,894.17
44,Male,96234,Married,969.86
61,Male,64793,Married,826.93
43,Female,103219,Married,842.32
47,Male,76755,Married,905.96
44,Male,118546,Single,826.37
30,Male,89697,Married,714.86
42,Male,96569,Single,708.44
38,Male,48467,Single,753.96
37,Female,67935,Single,678.41
28,Female,36016,Married,493.13
69,Female,111306,Married,1238.4
31,Female,54465,Married,742.5
57,Male,21481,Married,455.07
53,Male,60164,Single,731.06
65,Male,76764,Single,696.35
33,Female,40884,Single,572.29
35,Female,75696,Married,691.27
46,Female,60675,Single,690.71
38,Male,49636,Single,601.69
50,Male,64203,Single,610.46
27,Female,44286,Married,769.2
53,Female,49778,Married,651.86
40,Male,93034,Married,749.08
39,Female,31191,Single,756.7
59,Male,110866,Married,974.84
18,Male,94924,Single,967.34
41,Female,93160,Single,786.26
63,Female,113701,Single,1207.11
67,Male,84617,Single,929.78
45,Male,71789,Single,842.86
48,Female,49789,Single,775.18
30,Male,94298,Single,702.76
26,Female,89766,Single,816.1
59,Male,49701,Single,645.72
53,Female,82353,Married,779.97
68,Male,92354,Married,849.91
41,Female,36857,Single,929.63
70,Female,44236,Single,695.0
57,Male,60566,Married,848.07
20,Female,57938,Married,879.93
43,Male,95836,Married,1014.72
61,Male,49539,Married,805.23
57,Male,89601,Single,959.41
33,Female,43273,Married,629.03
18,Male,26468,Single,466.99
19,Male,59261,Single,648.72
21,Female,27370,Single,410.51
22,Female,53671,Single,540.02
41,Female,99387,Married,1053.59
37,Female,71525,Married,548.16
28,Female,114533,Married,858.49
45,Female,17075,Single,708.34
47,Female,51821,Married,607.74
28,Female,118277,Married,994.23
18,Female,44783,Single,459.2
66,Female,73898,Married,1084.05
67,Male,72994,Married,868.58
66,Female,83754,Single,1050.47
54,Male,36453,Single,423.74
48,Male,34364,Married,705.11
42,Male,80894,Married,857.54
52,Male,28227,Married,655.55
57,Female,45169,Single,831.86
70,Male,60486,Married,945.07
25,Male,60103,Single,495.86
28,Male,106369,Married,836.25
36,Male,86496,Married,782.19
40,Male,58255,Single,461.05
37,Female,71609,Single,819.6
69,Female,105439,Single,926.84
43,Male,35138,Married,730.98
31,Male,18469,Married,438.41
32,Female,48310,Single,518.31
29,Female,51143,Married,766.44
50,Male,118962,Married,871.87
50,Female,89943,Single,629.37
39,Female,95582,Married,822.96
57,Male,72096,Married,960.34
28,Male,113871,Married,942.8
43,Female,99937,Married,1023.47
49,Female,68267,Single,941.5
46,Female,30469,Married,931.95
21,Female,83433,Single,743.23
42,Male,100553,Married,1129.77
68,Female,37545,Single,743.8
57,Male,74934,Single,636.28
64,Female,84591,Married,1038.13
55,Female,20316,Single,751.01
59,Female,108315,Married,1025.84
22,Male,73808,Married,504.95
60,Male,60665,Married,1043.43
30,Male,84562,Married,698.7
46,Male,71277,Married,719.28
41,Male,112899,Married,887.41
23,Female,86621,Single,965.18
47,Female,37188,Single,725.66
45,Female,89953,Married,750.9
58,Female,117072,Married,1183.25
35,Female,85002,Single,926.8
38,Female,108869,Single,1011.92
27,Female,25527,Single,406.83
59,Male,71275,Married,790.06
21,Male,50344,Married,727.44
22,Female,71819,Married,721.8
62,Female,88127,Single,983.23
59,Male,65587,Married,895.39
24,Male,92547,Single,771.55
25,Female,101100,Married,1017.83
39,Female,105233,Married,1017.55
22,Female,113806,Single,897.34
27,Female,75269,Married,731.52
40,Male,36418,Married,508.66
21,Female,50631,Single,790.94
47,Male,83045,Single,776.05
28,Male,62756,Single,879.73
51,Female,99303,Single,945.79
36,Female,57690,Single,607.33
19,Female,111387,Single,638.61
68,Female,46008,Married,885.81
33,Female,106219,Single,1002.2
50,Male,26831,Single,578.99
36,Male,24973,Married,799.01
36,Female,98802,Single,780.16
64,Female,39983,Married,759.22
45,Male,77232,Married,952.66
32,Male,35747,Single,437.9
51,Female,91472,Single,586.95
48,Male,119666,Married,1008.18
67,Female,99987,Married,1251.54
23,Female,24838,Single,476.47
63,Female,58380,Single,976.56
45,Male,89773,Single,904.27
57,Male,73163,Married,801.37
52,Female,59700,Single,620.57
48,Female,54453,Single,738.7
60,Female,53214,Single,860.44
55,Male,89953,Single,985.68
48,Female,101725,Married,930.3
70,Male,80520,Single,945.05
33,Male,91448,Single,836.45
50,Female,92270,Single,972.11
66,Female,96598,Single,990.5
35,Female,36581,Single,636.39
19,Female,33889,Single,564.02
33,Male,58337,Single,621.31
49,Male,90240,Single,786.16
59,Male,22221,Single,660.35
18,Female,17276,Single,480.33
66,Female,55026,Married,806.37
69,Male,109565,Single,733.76
64,Male,74753,Married,1004.91
29,Female,106863,Married,937.76
28,Female,53427,Married,865.36
38,Male,97750,Single,823.72
50,Female,78959,Single,921.51
46,Male,96816,Single,629.0
58,Female,47391,Married,646.45
68,Female,27085,Married,541.41
45,Male,31486,Married,710.71
58,Female,15111,Single,564.95
64,Male,34034,Single,797.87
46,Male,94162,Married,983.41
64,Female,45876,Single,826.69
45,Male,76397,Married,827.38
64,Female,74874,Single,963.94
56,Male,106950,Married,985.88
60,Female,31943,Single,566.78
69,Female,31552,Single,718.47
24,Male,25419,Married,260.07
56,Female,69039,Single,686.27
32,Male,66321,Single,584.92
44,Male,96587,Single,1004.4
38,Female,51563,Single,506.31
65,Female,103498,Single,1052.0
49,Female,21008,Married,784.12
60,Female,74084,Single,908.55
20,Female,74326,Married,953.07
44,Male,105194,Single,695.61
39,Male,67007,Married,825.34
54,Male,41948,Married,682.71
66,Male,115748,Married,843.69
33,Female,57114,Married,653.62
50,Female,84719,Single,947.92
40,Female,56659,Married,482.34
63,Male,49121,Married,692.55
29,Female,85449,Married,714.84
26,Male,60443,Married,850.55
54,Male,35500,Married,835.26
54,Male,63717,Married,1015.72
59,Male,94812,Married,695.94
44,Male,100927,Single,909.37
49,Female,116274,Single,697.69
53,Male,31418,Single,450.03
63,Male,101700,Single,904.55
41,Female,54479,Single,623.6
43,Female,53620,Single,710.83
57,Female,99163,Married,984.23
27,Male,50896,Married,516.59
69,Female,93373,Married,997.59
26,Female,47816,Married,575.91
42,Male,102719,Single,854.85
42,Male,33336,Married,692.68
52,Female,69725,Married,882.46
38,Male,107430,Married,1149.42
69,Male,32493,Single,813.52
39,Male,16675,Single,618.19
52,Male,77255,Single,941.49
68,Male,70827,Married,697.33
59,Male,98543,Married,1082.7
62,Female,82790,Married,919.8
22,Female,110780,Married,848.96
67,Female,31154,Single,635.2
52,Male,78104,Married,821.7
24,Male,103266,Married,896.21
64,Male,97040,Married,942.14
53,Male,30408,Single,583.06
44,Female,67456,Married,823.25
35,Male,108172,Single,918.18
20,Male,71764,Single,812.66
33,Female,98092,Married,804.86
35,Female,104846,Single,838.13
64,Female,43844,Single,704.68
22,Male,62558,Single,433.72
23,Female,65553,Married,994.37
23,Male,42899,Married,756.5
37,Female,112511,Married,817.03
54,Female,41223,Single,829.2
34,Female,77042,Single,848.88
65,Male,111960,Single,1066.46
24,Male,103652,Single,759.99
34,Male,99154,Single,679.79
56,Female,46273,Married,725.71
39,Male,63392,Married,969.05
57,Male,76404,Married,791.5
21,Male,25085,Married,602.2
66,Female,99696,Married,1001.54
67,Male,57595,Single,828.47
57,Female,55785,Married,1000.88
51,Male,76739,Married,889.67
20,Female,36677,Single,493.67
50,Female,86321,Single,1012.85
18,Male,69429,Married,677.95
55,Female,103339,Married,1299.93
60,Male,56174,Married,833.85
32,Female,101301,Married,981.43
41,Female,46950,Single,636.01
27,Female,79804,Single,993.14
38,Female,103351,Married,974.15
33,Male,18756,Single,383.6
63,Male,94195,Married,1043.9
25,Male,103305,Married,991.82
45,Male,94138,Married,1085.74
70,Male,116138,Single,1051.07
18,Male,91059,Married,739.46
62,Male,91473,Married,932.35
65,Male,60714,Married,876.76
42,Male,114750,Married,1004.12
48,Female,34858,Married,672.71
62,Male,65376,Single,863.12
47,Male,37201,Married,760.34
21,Male,107481,Married,790.4
58,Male,41827,Single,699.52
28,Male,97600,Single,664.19
29,Female,117720,Single,771.97
57,Male,90567,Married,911.95
20,Female,46926,Single,470.18
31,Male,80511,Married,717.48
52,Female,25723,Married,687.63
19,Male,52986,Single,354.65
45,Female,53056,Married,909.24
69,Female,29903,Single,629.52
58,Female,98932,Married,968.75
59,Male,55576,Married,684.63
54,Female,78930,Married,920.67
25,Female,52447,Married,734.97
66,Female,74537,Married,870.75
20,Female,90314,Married,1052.65
28,Female,42286,Single,664.55
68,Male,17511,Single,546.86
68,Male,37872,Single,713.18
26,Male,15373,Married,425.92
26,Male,102973,Married,753.16
20,Male,85327,Married,523.79
58,Male,50362,Married,646.19
56,Female,57774,Single,701.56
38,Male,15892,Single,503.9
66,Male,69463,Single,749.83
42,Male,45907,Married,638.44
39,Male,100415,Single,627.74
20,Male,84863,Married,841.91
25,Female,93959,Married,799.46
35,Female,38307,Married,767.27
39,Male,48771,Single,799.66
37,Male,60348,Single,809.89
27,Female,96833,Married,1059.66
42,Male,47569,Married,601.73
69,Male,34066,Single,624.58
62,Male,61656,Married,742.13
61,Male,15715,Single,628.77
33,Male,74983,Married,753.82
32,Female,93644,Married,687.55
38,Female,110301,Single,999.37
21,Female,26648,Married,747.88
48,Male,59600,Married,796.63
24,Male,80052,Single,800.68
52,Male,28375,Single,601.82
47,Female,55053,Single,653.15
52,Male,71555,Single,848.26
30,Male,99801,Married,849.84
41,Female,51661,Married,626.96
35,Female,71028,Married,856.16
68,Female,52262,Single,837.9
45,Male,51859,Married,837.04
62,Female,83614,Single,892.97
39,Female,57927,Married,825.95
62,Female,35852,Married,836.2
55,Male,83979,Single,753.53
23,Female,89578,Married,1188.68
42,Male,110831,Married,889.75
70,Male,78625,Single,744.11
39,Male,98049,Single,946.07
69,Male,75318,Single,812.11
23,Male,98645,Married,691.46
47,Male,62726,Single,704.11
47,Male,43279,Single,613.95
69,Male,42307,Single,855.56
57,Female,111631,Married,1153.84
60,Male,82329,Single,830.19
34,Female,108084,Married,988.39
22,Male,36440,Single,535.99
42,Female,51245,Single,973.98
53,Female,82815,Married,865.7
60,Male,23849,Married,472.69
49,Male,38686,Married,830.5
59,Male,71158,Married,789.9
62,Female,20955,Single,594.08
21,Male,52639,Married,702.58
27,Female,72895,Single,836.31
51,Male,56118,Single,680.69
40,Female,65790,Single,776.87
54,Female,61669,Single,727.64
18,Male,42744,Single,569.56
58,Female,89142,Married,975.68
62,Male,17704,Married,663.32
28,Female,78139,Single,668.12
29,Female,42850,Married,574.45
69,Male,113838,Single,709.98
22,Female,43195,Single,594.39
53,Female,94938,Single,848.47
24,Male,19975,Married,374.05
40,Female,43124,Single,553.32
47,Male,83954,Single,809.82
62,Male,94229,Married,767.46
35,Female,111594,Married,849.78
52,Male,111724,Married,969.49
56,Male,118301,Single,916.49
67,Female,80520,Single,895.31
42,Female,50562,Married,814.79
41,Male,91202,Single,614.69
54,Female,37556,Married,740.54
46,Female,96597,Married,896.26
29,Male,32312,Married,683.69
61,Male,56813,Single,720.86
49,Male,43154,Single,622.68
67,Female,38689,Single,577.53
66,Male,26840,Married,621.09
64,Female,38283,Married,896.49
67,Female,79211,Married,1002.87
35,Male,54597,Single,504.48
53,Male,58869,Single,749.91
32,Male,89185,Married,858.32
48,Female,55927,Single,893.14
30,Female,91831,Single,682.54
69,Male,33963,Married,754.22
43,Female,58659,Married,699.57
41,Male,37544,Single,466.21
22,Male,65428,Married,697.18
70,Female,103503,Single,1172.14
21,Male,70988,Single,561.01
51,Female,92013,Single,992.42
29,Male,43699,Single,419.49
45,Female,28750,Single,634.11
41,Female,41157,Single,796.54
36,Female,88245,Single,762.88
34,Female,48482,Single,840.32
42,Male,48912,Married,547.31
40,Female,62110,Single,706.13
33,Female,29161,Married,631.52
38,Male,29526,Single,553.43
31,Male,39106,Married,626.2
23,Male,111798,Single,965.03
54,Male,101154,Single,1002.49
42,Female,96202,Single,810.94
22,Female,50573,Single,563.31
24,Female,19411,Married,580.03
69,Male,97982,Married,1042.78
46,Female,105495,Single,930.62
41,Female,28862,Married,653.89
62,Female,61109,Married,850.92
62,Male,60619,Married,901.28
68,Female,29084,Single,753.97
37,Female,62290,Married,731.62
59,Male,86619,Single,833.03
28,Male,118954,Married,846.81
38,Male,68009,Single,709.29
33,Male,94192,Married,797.14
34,Male,35324,Married,559.14
54,Male,51196,Single,541.21
47,Male,98545,Single,875.8
56,Female,114512,Married,1272.86
43,Male,50634,Single,780.73
34,Female,95292,Single,856.09
28,Female,114038,Married,1090.99
41,Male,101227,Single,774.29
62,Male,68173,Married,823.91
39,Female,73784,Single,951.06
61,Female,82356,Single,901.82
39,Male,61199,Single,834.59
46,Female,83809,Single,835.48
56,Male,70438,Married,770.22
57,Male,86219,Married,677.24
67,Male,105446,Single,713.32
67,Female,59270,Single,902.19
30,Female,115377,Single,804.57
54,Female,68907,Married,910.23
34,Female,21856,Married,721.43
67,Male,84327,Married,998.97
37,Female,23313,Single,576.27
48,Female,100753,Married,1148.43
52,Male,47596,Married,890.98
63,Male,34903,Married,763.06
37,Male,75668,Single,522.45
39,Male,116309,Single,917.16
37,Male,27064,Single,620.57
40,Female,104885,Married,979.75
56,Male,113317,Married,1138.29
45,Male,33594,Married,494.57
66,Female,86049,Married,848.04
51,Male,17960,Married,711.31
36,Male,91571,Single,865.68
33,Male,112809,Married,966.15
37,Female,50275,Married,433.14
70,Female,101101,Married,1147.45
22,Female,24112,Married,531.38
51,Female,115773,Single,866.01
49,Male,68388,Married,714.34
19,Female,40168,Single,508.01
50,Female,79663,Married,699.11
53,Female,77025,Single,773.21
50,Female,116427,Married,1001.26
48,Female,70402,Single,772.38
39,Female,118922,Married,980.73
34,Male,59402,Married,673.91
47,Female,44930,Single,896.95
31,Female,60939,Single,593.96
27,Male,65553,Single,478.97
63,Female,103987,Single,997.33
28,Male,54403,Single,631.71
30,Female,91112,Single,621.22
22,Male,94013,Single,616.0
61,Female,56026,Married,926.57
69,Female,52819,Married,736.4
69,Female,49595,Single,877.52
28,Male,87653,Married,817.12
70,Female,99138,Married,932.62
31,Male,51520,Single,564.82
53,Female,66402,Single,698.8
57,Male,64283,Single,743.79
54,Male,44739,Married,907.88
53,Female,69172,Married,936.28
37,Male,85385,Single,700.68
58,Male,108582,Married,949.2
35,Male,64083,Single,423.05
19,Female,74389,Married,742.3
54,Male,65220,Married,881.13
